datetime,name,store,url,price_cash
2025-10-14 13:49,KaBuM Infotech Aquário - 5500 + 32GB + RTX 3050,KaBuM,https://www.kabum.com.br/produto/630994/computador-pc-gamer-aquario-preto-infotech-ryzen-5-5500-32gb-ram-nvidia-rtx-3050-6gb-ssd-1tb-windows-11-pro,4768.22
2025-10-14 13:49,Dell Precision 3680 (base 32GB),Dell,https://www.dell.com/pt-br/shop/computadores-all-in-ones-e-workstations/workstation-em-torre-precision-3680/spd/precision-t3680-workstation,0.0
2025-10-15 08:36,KaBuM Infotech Aquário - 5500 + 32GB + RTX 3050,KaBuM,https://www.kabum.com.br/produto/630994/computador-pc-gamer-aquario-preto-infotech-ryzen-5-5500-32gb-ram-nvidia-rtx-3050-6gb-ssd-1tb-windows-11-pro,4768.22
2025-10-15 08:36,Dell Precision 3680 (base 32GB),Dell,https://www.dell.com/pt-br/shop/computadores-all-in-ones-e-workstations/workstation-em-torre-precision-3680/spd/precision-t3680-workstation,0.0
2025-10-16 08:36,KaBuM Infotech Aquário - 5500 + 32GB + RTX 3050,KaBuM,https://www.kabum.com.br/produto/630994/computador-pc-gamer-aquario-preto-infotech-ryzen-5-5500-32gb-ram-nvidia-rtx-3050-6gb-ssd-1tb-windows-11-pro,4768.22
2025-10-16 08:36,Dell Precision 3680 (base 32GB),Dell,https://www.dell.com/pt-br/shop/computadores-all-in-ones-e-workstations/workstation-em-torre-precision-3680/spd/precision-t3680-workstation,0.0
2025-10-17 08:37,KaBuM Infotech Aquário - 5500 + 32GB + RTX 3050,KaBuM,https://www.kabum.com.br/produto/630994/computador-pc-gamer-aquario-preto-infotech-ryzen-5-5500-32gb-ram-nvidia-rtx-3050-6gb-ssd-1tb-windows-11-pro,4768.22
2025-10-17 08:37,Dell Precision 3680 (base 32GB),Dell,https://www.dell.com/pt-br/shop/computadores-all-in-ones-e-workstations/workstation-em-torre-precision-3680/spd/precision-t3680-workstation,0.0
2025-10-18 08:35,KaBuM Infotech Aquário - 5500 + 32GB + RTX 3050,KaBuM,https://www.kabum.com.br/produto/630994/computador-pc-gamer-aquario-preto-infotech-ryzen-5-5500-32gb-ram-nvidia-rtx-3050-6gb-ssd-1tb-windows-11-pro,4768.22
2025-10-18 08:35,Dell Precision 3680 (base 32GB),Dell,https://www.dell.com/pt-br/shop/computadores-all-in-ones-e-workstations/workstation-em-torre-precision-3680/spd/precision-t3680-workstation,0.0
2025-10-19 08:35,KaBuM Infotech Aquário - 5500 + 32GB + RTX 3050,KaBuM,https://www.kabum.com.br/produto/630994/computador-pc-gamer-aquario-preto-infotech-ryzen-5-5500-32gb-ram-nvidia-rtx-3050-6gb-ssd-1tb-windows-11-pro,4768.22
2025-10-19 08:35,Dell Precision 3680 (base 32GB),Dell,https://www.dell.com/pt-br/shop/computadores-all-in-ones-e-workstations/workstation-em-torre-precision-3680/spd/precision-t3680-workstation,0.0
2025-10-20 08:36,KaBuM Infotech Aquário - 5500 + 32GB + RTX 3050,KaBuM,https://www.kabum.com.br/produto/630994/computador-pc-gamer-aquario-preto-infotech-ryzen-5-5500-32gb-ram-nvidia-rtx-3050-6gb-ssd-1tb-windows-11-pro,4768.22
2025-10-20 08:36,Dell Precision 3680 (base 32GB),Dell,https://www.dell.com/pt-br/shop/computadores-all-in-ones-e-workstations/workstation-em-torre-precision-3680/spd/precision-t3680-workstation,0.0
2025-10-21 08:37,KaBuM Infotech Aquário - 5500 + 32GB + RTX 3050,KaBuM,https://www.kabum.com.br/produto/630994/computador-pc-gamer-aquario-preto-infotech-ryzen-5-5500-32gb-ram-nvidia-rtx-3050-6gb-ssd-1tb-windows-11-pro,4768.22
2025-10-21 08:37,Dell Precision 3680 (base 32GB),Dell,https://www.dell.com/pt-br/shop/computadores-all-in-ones-e-workstations/workstation-em-torre-precision-3680/spd/precision-t3680-workstation,0.0
2025-10-22 08:37,KaBuM Infotech Aquário - 5500 + 32GB + RTX 3050,KaBuM,https://www.kabum.com.br/produto/630994/computador-pc-gamer-aquario-preto-infotech-ryzen-5-5500-32gb-ram-nvidia-rtx-3050-6gb-ssd-1tb-windows-11-pro,4768.22
2025-10-22 08:37,Dell Precision 3680 (base 32GB),Dell,https://www.dell.com/pt-br/shop/computadores-all-in-ones-e-workstations/workstation-em-torre-precision-3680/spd/precision-t3680-workstation,0.0
2025-10-23 08:36,KaBuM Infotech Aquário - 5500 + 32GB + RTX 3050,KaBuM,https://www.kabum.com.br/produto/630994/computador-pc-gamer-aquario-preto-infotech-ryzen-5-5500-32gb-ram-nvidia-rtx-3050-6gb-ssd-1tb-windows-11-pro,6447.02
2025-10-23 08:36,Dell Precision 3680 (base 32GB),Dell,https://www.dell.com/pt-br/shop/computadores-all-in-ones-e-workstations/workstation-em-torre-precision-3680/spd/precision-t3680-workstation,0.0
2025-10-24 08:36,KaBuM Infotech Aquário - 5500 + 32GB + RTX 3050,KaBuM,https://www.kabum.com.br/produto/630994/computador-pc-gamer-aquario-preto-infotech-ryzen-5-5500-32gb-ram-nvidia-rtx-3050-6gb-ssd-1tb-windows-11-pro,6447.02
2025-10-24 08:36,Dell Precision 3680 (base 32GB),Dell,https://www.dell.com/pt-br/shop/computadores-all-in-ones-e-workstations/workstation-em-torre-precision-3680/spd/precision-t3680-workstation,0.0
2025-10-25 08:35,KaBuM Infotech Aquário - 5500 + 32GB + RTX 3050,KaBuM,https://www.kabum.com.br/produto/630994/computador-pc-gamer-aquario-preto-infotech-ryzen-5-5500-32gb-ram-nvidia-rtx-3050-6gb-ssd-1tb-windows-11-pro,6447.02
2025-10-25 08:35,Dell Precision 3680 (base 32GB),Dell,https://www.dell.com/pt-br/shop/computadores-all-in-ones-e-workstations/workstation-em-torre-precision-3680/spd/precision-t3680-workstation,0.0
2025-10-26 08:35,KaBuM Infotech Aquário - 5500 + 32GB + RTX 3050,KaBuM,https://www.kabum.com.br/produto/630994/computador-pc-gamer-aquario-preto-infotech-ryzen-5-5500-32gb-ram-nvidia-rtx-3050-6gb-ssd-1tb-windows-11-pro,6447.02
2025-10-26 08:35,Dell Precision 3680 (base 32GB),Dell,https://www.dell.com/pt-br/shop/computadores-all-in-ones-e-workstations/workstation-em-torre-precision-3680/spd/precision-t3680-workstation,0.0
2025-10-27 08:37,KaBuM Infotech Aquário - 5500 + 32GB + RTX 3050,KaBuM,https://www.kabum.com.br/produto/630994/computador-pc-gamer-aquario-preto-infotech-ryzen-5-5500-32gb-ram-nvidia-rtx-3050-6gb-ssd-1tb-windows-11-pro,6447.02
2025-10-27 08:37,Dell Precision 3680 (base 32GB),Dell,https://www.dell.com/pt-br/shop/computadores-all-in-ones-e-workstations/workstation-em-torre-precision-3680/spd/precision-t3680-workstation,0.0
2025-10-28 08:36,KaBuM Infotech Aquário - 5500 + 32GB + RTX 3050,KaBuM,https://www.kabum.com.br/produto/630994/computador-pc-gamer-aquario-preto-infotech-ryzen-5-5500-32gb-ram-nvidia-rtx-3050-6gb-ssd-1tb-windows-11-pro,6447.02
2025-10-28 08:36,Dell Precision 3680 (base 32GB),Dell,https://www.dell.com/pt-br/shop/computadores-all-in-ones-e-workstations/workstation-em-torre-precision-3680/spd/precision-t3680-workstation,0.0
2025-10-29 08:36,KaBuM Infotech Aquário - 5500 + 32GB + RTX 3050,KaBuM,https://www.kabum.com.br/produto/630994/computador-pc-gamer-aquario-preto-infotech-ryzen-5-5500-32gb-ram-nvidia-rtx-3050-6gb-ssd-1tb-windows-11-pro,6447.02
2025-10-29 08:36,Dell Precision 3680 (base 32GB),Dell,https://www.dell.com/pt-br/shop/computadores-all-in-ones-e-workstations/workstation-em-torre-precision-3680/spd/precision-t3680-workstation,0.0
2025-10-30 08:36,KaBuM Infotech Aquário - 5500 + 32GB + RTX 3050,KaBuM,https://www.kabum.com.br/produto/630994/computador-pc-gamer-aquario-preto-infotech-ryzen-5-5500-32gb-ram-nvidia-rtx-3050-6gb-ssd-1tb-windows-11-pro,6447.02
2025-10-30 08:36,Dell Precision 3680 (base 32GB),Dell,https://www.dell.com/pt-br/shop/computadores-all-in-ones-e-workstations/workstation-em-torre-precision-3680/spd/precision-t3680-workstation,0.0
2025-10-31 08:36,KaBuM Infotech Aquário - 5500 + 32GB + RTX 3050,KaBuM,https://www.kabum.com.br/produto/630994/computador-pc-gamer-aquario-preto-infotech-ryzen-5-5500-32gb-ram-nvidia-rtx-3050-6gb-ssd-1tb-windows-11-pro,6447.02
2025-10-31 08:36,Dell Precision 3680 (base 32GB),Dell,https://www.dell.com/pt-br/shop/computadores-all-in-ones-e-workstations/workstation-em-torre-precision-3680/spd/precision-t3680-workstation,0.0
2025-11-01 08:35,KaBuM Infotech Aquário - 5500 + 32GB + RTX 3050,KaBuM,https://www.kabum.com.br/produto/630994/computador-pc-gamer-aquario-preto-infotech-ryzen-5-5500-32gb-ram-nvidia-rtx-3050-6gb-ssd-1tb-windows-11-pro,5544.44
2025-11-01 08:35,Dell Precision 3680 (base 32GB),Dell,https://www.dell.com/pt-br/shop/computadores-all-in-ones-e-workstations/workstation-em-torre-precision-3680/spd/precision-t3680-workstation,0.0
2025-11-02 08:35,KaBuM Infotech Aquário - 5500 + 32GB + RTX 3050,KaBuM,https://www.kabum.com.br/produto/630994/computador-pc-gamer-aquario-preto-infotech-ryzen-5-5500-32gb-ram-nvidia-rtx-3050-6gb-ssd-1tb-windows-11-pro,5544.44
2025-11-02 08:35,Dell Precision 3680 (base 32GB),Dell,https://www.dell.com/pt-br/shop/computadores-all-in-ones-e-workstations/workstation-em-torre-precision-3680/spd/precision-t3680-workstation,0.0
2025-11-03 08:35,KaBuM Infotech Aquário - 5500 + 32GB + RTX 3050,KaBuM,https://www.kabum.com.br/produto/630994/computador-pc-gamer-aquario-preto-infotech-ryzen-5-5500-32gb-ram-nvidia-rtx-3050-6gb-ssd-1tb-windows-11-pro,5544.44
2025-11-03 08:35,Dell Precision 3680 (base 32GB),Dell,https://www.dell.com/pt-br/shop/computadores-all-in-ones-e-workstations/workstation-em-torre-precision-3680/spd/precision-t3680-workstation,0.0
2025-11-04 08:38,KaBuM Infotech Aquário - 5500 + 32GB + RTX 3050,KaBuM,https://www.kabum.com.br/produto/630994/computador-pc-gamer-aquario-preto-infotech-ryzen-5-5500-32gb-ram-nvidia-rtx-3050-6gb-ssd-1tb-windows-11-pro,6447.02
2025-11-04 08:38,Dell Precision 3680 (base 32GB),Dell,https://www.dell.com/pt-br/shop/computadores-all-in-ones-e-workstations/workstation-em-torre-precision-3680/spd/precision-t3680-workstation,0.0
2025-11-05 08:37,KaBuM Infotech Aquário - 5500 + 32GB + RTX 3050,KaBuM,https://www.kabum.com.br/produto/630994/computador-pc-gamer-aquario-preto-infotech-ryzen-5-5500-32gb-ram-nvidia-rtx-3050-6gb-ssd-1tb-windows-11-pro,6447.02
2025-11-05 08:37,Dell Precision 3680 (base 32GB),Dell,https://www.dell.com/pt-br/shop/computadores-all-in-ones-e-workstations/workstation-em-torre-precision-3680/spd/precision-t3680-workstation,0.0
2025-11-06 08:37,KaBuM Infotech Aquário - 5500 + 32GB + RTX 3050,KaBuM,https://www.kabum.com.br/produto/630994/computador-pc-gamer-aquario-preto-infotech-ryzen-5-5500-32gb-ram-nvidia-rtx-3050-6gb-ssd-1tb-windows-11-pro,6447.02
2025-11-06 08:37,Dell Precision 3680 (base 32GB),Dell,https://www.dell.com/pt-br/shop/computadores-all-in-ones-e-workstations/workstation-em-torre-precision-3680/spd/precision-t3680-workstation,0.0
2025-11-07 08:36,KaBuM Infotech Aquário - 5500 + 32GB + RTX 3050,KaBuM,https://www.kabum.com.br/produto/630994/computador-pc-gamer-aquario-preto-infotech-ryzen-5-5500-32gb-ram-nvidia-rtx-3050-6gb-ssd-1tb-windows-11-pro,6447.02
2025-11-07 08:36,Dell Precision 3680 (base 32GB),Dell,https://www.dell.com/pt-br/shop/computadores-all-in-ones-e-workstations/workstation-em-torre-precision-3680/spd/precision-t3680-workstation,0.0
2025-11-08 08:35,KaBuM Infotech Aquário - 5500 + 32GB + RTX 3050,KaBuM,https://www.kabum.com.br/produto/630994/computador-pc-gamer-aquario-preto-infotech-ryzen-5-5500-32gb-ram-nvidia-rtx-3050-6gb-ssd-1tb-windows-11-pro,5206.66
2025-11-08 08:35,Dell Precision 3680 (base 32GB),Dell,https://www.dell.com/pt-br/shop/computadores-all-in-ones-e-workstations/workstation-em-torre-precision-3680/spd/precision-t3680-workstation,0.0
2025-11-09 08:35,KaBuM Infotech Aquário - 5500 + 32GB + RTX 3050,KaBuM,https://www.kabum.com.br/produto/630994/computador-pc-gamer-aquario-preto-infotech-ryzen-5-5500-32gb-ram-nvidia-rtx-3050-6gb-ssd-1tb-windows-11-pro,5206.66
2025-11-09 08:35,Dell Precision 3680 (base 32GB),Dell,https://www.dell.com/pt-br/shop/computadores-all-in-ones-e-workstations/workstation-em-torre-precision-3680/spd/precision-t3680-workstation,0.0
2025-11-10 08:37,KaBuM Infotech Aquário - 5500 + 32GB + RTX 3050,KaBuM,https://www.kabum.com.br/produto/630994/computador-pc-gamer-aquario-preto-infotech-ryzen-5-5500-32gb-ram-nvidia-rtx-3050-6gb-ssd-1tb-windows-11-pro,5206.66
2025-11-10 08:37,Dell Precision 3680 (base 32GB),Dell,https://www.dell.com/pt-br/shop/computadores-all-in-ones-e-workstations/workstation-em-torre-precision-3680/spd/precision-t3680-workstation,0.0
2025-11-11 08:37,KaBuM Infotech Aquário - 5500 + 32GB + RTX 3050,KaBuM,https://www.kabum.com.br/produto/630994/computador-pc-gamer-aquario-preto-infotech-ryzen-5-5500-32gb-ram-nvidia-rtx-3050-6gb-ssd-1tb-windows-11-pro,5206.66
2025-11-11 08:37,Dell Precision 3680 (base 32GB),Dell,https://www.dell.com/pt-br/shop/computadores-all-in-ones-e-workstations/workstation-em-torre-precision-3680/spd/precision-t3680-workstation,0.0
2025-11-12 08:36,KaBuM Infotech Aquário - 5500 + 32GB + RTX 3050,KaBuM,https://www.kabum.com.br/produto/630994/computador-pc-gamer-aquario-preto-infotech-ryzen-5-5500-32gb-ram-nvidia-rtx-3050-6gb-ssd-1tb-windows-11-pro,5206.66
2025-11-12 08:36,Dell Precision 3680 (base 32GB),Dell,https://www.dell.com/pt-br/shop/computadores-all-in-ones-e-workstations/workstation-em-torre-precision-3680/spd/precision-t3680-workstation,0.0
2025-11-13 08:37,KaBuM Infotech Aquário - 5500 + 32GB + RTX 3050,KaBuM,https://www.kabum.com.br/produto/630994/computador-pc-gamer-aquario-preto-infotech-ryzen-5-5500-32gb-ram-nvidia-rtx-3050-6gb-ssd-1tb-windows-11-pro,5206.66
2025-11-13 08:37,Dell Precision 3680 (base 32GB),Dell,https://www.dell.com/pt-br/shop/computadores-all-in-ones-e-workstations/workstation-em-torre-precision-3680/spd/precision-t3680-workstation,0.0
2025-11-14 08:36,KaBuM Infotech Aquário - 5500 + 32GB + RTX 3050,KaBuM,https://www.kabum.com.br/produto/630994/computador-pc-gamer-aquario-preto-infotech-ryzen-5-5500-32gb-ram-nvidia-rtx-3050-6gb-ssd-1tb-windows-11-pro,5206.66
2025-11-14 08:36,Dell Precision 3680 (base 32GB),Dell,https://www.dell.com/pt-br/shop/computadores-all-in-ones-e-workstations/workstation-em-torre-precision-3680/spd/precision-t3680-workstation,0.0
2025-11-15 08:35,KaBuM Infotech Aquário - 5500 + 32GB + RTX 3050,KaBuM,https://www.kabum.com.br/produto/630994/computador-pc-gamer-aquario-preto-infotech-ryzen-5-5500-32gb-ram-nvidia-rtx-3050-6gb-ssd-1tb-windows-11-pro,5206.66
2025-11-15 08:35,Dell Precision 3680 (base 32GB),Dell,https://www.dell.com/pt-br/shop/computadores-all-in-ones-e-workstations/workstation-em-torre-precision-3680/spd/precision-t3680-workstation,0.0
2025-11-16 08:35,KaBuM Infotech Aquário - 5500 + 32GB + RTX 3050,KaBuM,https://www.kabum.com.br/produto/630994/computador-pc-gamer-aquario-preto-infotech-ryzen-5-5500-32gb-ram-nvidia-rtx-3050-6gb-ssd-1tb-windows-11-pro,5206.66
2025-11-16 08:35,Dell Precision 3680 (base 32GB),Dell,https://www.dell.com/pt-br/shop/computadores-all-in-ones-e-workstations/workstation-em-torre-precision-3680/spd/precision-t3680-workstation,0.0
2025-11-17 08:37,KaBuM Infotech Aquário - 5500 + 32GB + RTX 3050,KaBuM,https://www.kabum.com.br/produto/630994/computador-pc-gamer-aquario-preto-infotech-ryzen-5-5500-32gb-ram-nvidia-rtx-3050-6gb-ssd-1tb-windows-11-pro,5206.66
2025-11-17 08:37,Dell Precision 3680 (base 32GB),Dell,https://www.dell.com/pt-br/shop/computadores-all-in-ones-e-workstations/workstation-em-torre-precision-3680/spd/precision-t3680-workstation,0.0
2025-11-18 08:37,KaBuM Infotech Aquário - 5500 + 32GB + RTX 3050,KaBuM,https://www.kabum.com.br/produto/630994/computador-pc-gamer-aquario-preto-infotech-ryzen-5-5500-32gb-ram-nvidia-rtx-3050-6gb-ssd-1tb-windows-11-pro,5206.66
2025-11-18 08:37,Dell Precision 3680 (base 32GB),Dell,https://www.dell.com/pt-br/shop/computadores-all-in-ones-e-workstations/workstation-em-torre-precision-3680/spd/precision-t3680-workstation,0.0
2025-11-19 08:37,KaBuM Infotech Aquário - 5500 + 32GB + RTX 3050,KaBuM,https://www.kabum.com.br/produto/630994/computador-pc-gamer-aquario-preto-infotech-ryzen-5-5500-32gb-ram-nvidia-rtx-3050-6gb-ssd-1tb-windows-11-pro,5206.66
2025-11-19 08:37,Dell Precision 3680 (base 32GB),Dell,https://www.dell.com/pt-br/shop/computadores-all-in-ones-e-workstations/workstation-em-torre-precision-3680/spd/precision-t3680-workstation,0.0
2025-11-20 08:36,KaBuM Infotech Aquário - 5500 + 32GB + RTX 3050,KaBuM,https://www.kabum.com.br/produto/630994/computador-pc-gamer-aquario-preto-infotech-ryzen-5-5500-32gb-ram-nvidia-rtx-3050-6gb-ssd-1tb-windows-11-pro,5206.66
2025-11-20 08:36,Dell Precision 3680 (base 32GB),Dell,https://www.dell.com/pt-br/shop/computadores-all-in-ones-e-workstations/workstation-em-torre-precision-3680/spd/precision-t3680-workstation,0.0
2025-11-21 08:36,KaBuM Infotech Aquário - 5500 + 32GB + RTX 3050,KaBuM,https://www.kabum.com.br/produto/630994/computador-pc-gamer-aquario-preto-infotech-ryzen-5-5500-32gb-ram-nvidia-rtx-3050-6gb-ssd-1tb-windows-11-pro,5206.66
2025-11-21 08:36,Dell Precision 3680 (base 32GB),Dell,https://www.dell.com/pt-br/shop/computadores-all-in-ones-e-workstations/workstation-em-torre-precision-3680/spd/precision-t3680-workstation,0.0
2025-11-22 08:35,KaBuM Infotech Aquário - 5500 + 32GB + RTX 3050,KaBuM,https://www.kabum.com.br/produto/630994/computador-pc-gamer-aquario-preto-infotech-ryzen-5-5500-32gb-ram-nvidia-rtx-3050-6gb-ssd-1tb-windows-11-pro,5206.66
2025-11-22 08:35,Dell Precision 3680 (base 32GB),Dell,https://www.dell.com/pt-br/shop/computadores-all-in-ones-e-workstations/workstation-em-torre-precision-3680/spd/precision-t3680-workstation,0.0
2025-11-23 08:35,KaBuM Infotech Aquário - 5500 + 32GB + RTX 3050,KaBuM,https://www.kabum.com.br/produto/630994/computador-pc-gamer-aquario-preto-infotech-ryzen-5-5500-32gb-ram-nvidia-rtx-3050-6gb-ssd-1tb-windows-11-pro,5206.66
2025-11-23 08:35,Dell Precision 3680 (base 32GB),Dell,https://www.dell.com/pt-br/shop/computadores-all-in-ones-e-workstations/workstation-em-torre-precision-3680/spd/precision-t3680-workstation,0.0
2025-11-24 08:37,KaBuM Infotech Aquário - 5500 + 32GB + RTX 3050,KaBuM,https://www.kabum.com.br/produto/630994/computador-pc-gamer-aquario-preto-infotech-ryzen-5-5500-32gb-ram-nvidia-rtx-3050-6gb-ssd-1tb-windows-11-pro,5206.66
2025-11-24 08:37,Dell Precision 3680 (base 32GB),Dell,https://www.dell.com/pt-br/shop/computadores-all-in-ones-e-workstations/workstation-em-torre-precision-3680/spd/precision-t3680-workstation,0.0
2025-11-25 08:37,KaBuM Infotech Aquário - 5500 + 32GB + RTX 3050,KaBuM,https://www.kabum.com.br/produto/630994/computador-pc-gamer-aquario-preto-infotech-ryzen-5-5500-32gb-ram-nvidia-rtx-3050-6gb-ssd-1tb-windows-11-pro,5206.66
2025-11-25 08:37,Dell Precision 3680 (base 32GB),Dell,https://www.dell.com/pt-br/shop/computadores-all-in-ones-e-workstations/workstation-em-torre-precision-3680/spd/precision-t3680-workstation,0.0
2025-11-26 08:37,KaBuM Infotech Aquário - 5500 + 32GB + RTX 3050,KaBuM,https://www.kabum.com.br/produto/630994/computador-pc-gamer-aquario-preto-infotech-ryzen-5-5500-32gb-ram-nvidia-rtx-3050-6gb-ssd-1tb-windows-11-pro,5206.66
2025-11-26 08:37,Dell Precision 3680 (base 32GB),Dell,https://www.dell.com/pt-br/shop/computadores-all-in-ones-e-workstations/workstation-em-torre-precision-3680/spd/precision-t3680-workstation,0.0
2025-11-27 08:37,KaBuM Infotech Aquário - 5500 + 32GB + RTX 3050,KaBuM,https://www.kabum.com.br/produto/630994/computador-pc-gamer-aquario-preto-infotech-ryzen-5-5500-32gb-ram-nvidia-rtx-3050-6gb-ssd-1tb-windows-11-pro,5206.66
2025-11-27 08:37,Dell Precision 3680 (base 32GB),Dell,https://www.dell.com/pt-br/shop/computadores-all-in-ones-e-workstations/workstation-em-torre-precision-3680/spd/precision-t3680-workstation,0.0
2025-11-28 08:36,KaBuM Infotech Aquário - 5500 + 32GB + RTX 3050,KaBuM,https://www.kabum.com.br/produto/630994/computador-pc-gamer-aquario-preto-infotech-ryzen-5-5500-32gb-ram-nvidia-rtx-3050-6gb-ssd-1tb-windows-11-pro,5206.66
2025-11-28 08:36,Dell Precision 3680 (base 32GB),Dell,https://www.dell.com/pt-br/shop/computadores-all-in-ones-e-workstations/workstation-em-torre-precision-3680/spd/precision-t3680-workstation,0.0
2025-11-29 08:35,KaBuM Infotech Aquário - 5500 + 32GB + RTX 3050,KaBuM,https://www.kabum.com.br/produto/630994/computador-pc-gamer-aquario-preto-infotech-ryzen-5-5500-32gb-ram-nvidia-rtx-3050-6gb-ssd-1tb-windows-11-pro,5206.66
2025-11-29 08:35,Dell Precision 3680 (base 32GB),Dell,https://www.dell.com/pt-br/shop/computadores-all-in-ones-e-workstations/workstation-em-torre-precision-3680/spd/precision-t3680-workstation,0.0
2025-11-30 08:35,KaBuM Infotech Aquário - 5500 + 32GB + RTX 3050,KaBuM,https://www.kabum.com.br/produto/630994/computador-pc-gamer-aquario-preto-infotech-ryzen-5-5500-32gb-ram-nvidia-rtx-3050-6gb-ssd-1tb-windows-11-pro,5206.66
2025-11-30 08:35,Dell Precision 3680 (base 32GB),Dell,https://www.dell.com/pt-br/shop/computadores-all-in-ones-e-workstations/workstation-em-torre-precision-3680/spd/precision-t3680-workstation,0.0
2025-12-01 08:37,KaBuM Infotech Aquário - 5500 + 32GB + RTX 3050,KaBuM,https://www.kabum.com.br/produto/630994/computador-pc-gamer-aquario-preto-infotech-ryzen-5-5500-32gb-ram-nvidia-rtx-3050-6gb-ssd-1tb-windows-11-pro,5206.66
2025-12-01 08:37,Dell Precision 3680 (base 32GB),Dell,https://www.dell.com/pt-br/shop/computadores-all-in-ones-e-workstations/workstation-em-torre-precision-3680/spd/precision-t3680-workstation,0.0
2025-12-02 08:38,KaBuM Infotech Aquário - 5500 + 32GB + RTX 3050,KaBuM,https://www.kabum.com.br/produto/630994/computador-pc-gamer-aquario-preto-infotech-ryzen-5-5500-32gb-ram-nvidia-rtx-3050-6gb-ssd-1tb-windows-11-pro,5206.66
2025-12-02 08:38,Dell Precision 3680 (base 32GB),Dell,https://www.dell.com/pt-br/shop/computadores-all-in-ones-e-workstations/workstation-em-torre-precision-3680/spd/precision-t3680-workstation,0.0
2025-12-03 08:38,KaBuM Infotech Aquário - 5500 + 32GB + RTX 3050,KaBuM,https://www.kabum.com.br/produto/630994/computador-pc-gamer-aquario-preto-infotech-ryzen-5-5500-32gb-ram-nvidia-rtx-3050-6gb-ssd-1tb-windows-11-pro,5206.66
2025-12-03 08:38,Dell Precision 3680 (base 32GB),Dell,https://www.dell.com/pt-br/shop/computadores-all-in-ones-e-workstations/workstation-em-torre-precision-3680/spd/precision-t3680-workstation,0.0
2025-12-04 08:38,KaBuM Infotech Aquário - 5500 + 32GB + RTX 3050,KaBuM,https://www.kabum.com.br/produto/630994/computador-pc-gamer-aquario-preto-infotech-ryzen-5-5500-32gb-ram-nvidia-rtx-3050-6gb-ssd-1tb-windows-11-pro,5206.66
2025-12-04 08:38,Dell Precision 3680 (base 32GB),Dell,https://www.dell.com/pt-br/shop/computadores-all-in-ones-e-workstations/workstation-em-torre-precision-3680/spd/precision-t3680-workstation,0.0
2025-12-05 08:37,KaBuM Infotech Aquário - 5500 + 32GB + RTX 3050,KaBuM,https://www.kabum.com.br/produto/630994/computador-pc-gamer-aquario-preto-infotech-ryzen-5-5500-32gb-ram-nvidia-rtx-3050-6gb-ssd-1tb-windows-11-pro,5206.66
2025-12-05 08:37,Dell Precision 3680 (base 32GB),Dell,https://www.dell.com/pt-br/shop/computadores-all-in-ones-e-workstations/workstation-em-torre-precision-3680/spd/precision-t3680-workstation,0.0
2025-12-06 08:35,KaBuM Infotech Aquário - 5500 + 32GB + RTX 3050,KaBuM,https://www.kabum.com.br/produto/630994/computador-pc-gamer-aquario-preto-infotech-ryzen-5-5500-32gb-ram-nvidia-rtx-3050-6gb-ssd-1tb-windows-11-pro,5206.66
2025-12-06 08:35,Dell Precision 3680 (base 32GB),Dell,https://www.dell.com/pt-br/shop/computadores-all-in-ones-e-workstations/workstation-em-torre-precision-3680/spd/precision-t3680-workstation,0.0
2025-12-07 08:35,KaBuM Infotech Aquário - 5500 + 32GB + RTX 3050,KaBuM,https://www.kabum.com.br/produto/630994/computador-pc-gamer-aquario-preto-infotech-ryzen-5-5500-32gb-ram-nvidia-rtx-3050-6gb-ssd-1tb-windows-11-pro,5206.66
2025-12-07 08:35,Dell Precision 3680 (base 32GB),Dell,https://www.dell.com/pt-br/shop/computadores-all-in-ones-e-workstations/workstation-em-torre-precision-3680/spd/precision-t3680-workstation,0.0
2025-12-08 08:38,KaBuM Infotech Aquário - 5500 + 32GB + RTX 3050,KaBuM,https://www.kabum.com.br/produto/630994/computador-pc-gamer-aquario-preto-infotech-ryzen-5-5500-32gb-ram-nvidia-rtx-3050-6gb-ssd-1tb-windows-11-pro,5206.66
2025-12-08 08:38,Dell Precision 3680 (base 32GB),Dell,https://www.dell.com/pt-br/shop/computadores-all-in-ones-e-workstations/workstation-em-torre-precision-3680/spd/precision-t3680-workstation,0.0
2025-12-09 08:38,KaBuM Infotech Aquário - 5500 + 32GB + RTX 3050,KaBuM,https://www.kabum.com.br/produto/630994/computador-pc-gamer-aquario-preto-infotech-ryzen-5-5500-32gb-ram-nvidia-rtx-3050-6gb-ssd-1tb-windows-11-pro,5206.66
2025-12-09 08:38,Dell Precision 3680 (base 32GB),Dell,https://www.dell.com/pt-br/shop/computadores-all-in-ones-e-workstations/workstation-em-torre-precision-3680/spd/precision-t3680-workstation,0.0
2025-12-10 08:37,KaBuM Infotech Aquário - 5500 + 32GB + RTX 3050,KaBuM,https://www.kabum.com.br/produto/630994/computador-pc-gamer-aquario-preto-infotech-ryzen-5-5500-32gb-ram-nvidia-rtx-3050-6gb-ssd-1tb-windows-11-pro,5206.66
2025-12-10 08:37,Dell Precision 3680 (base 32GB),Dell,https://www.dell.com/pt-br/shop/computadores-all-in-ones-e-workstations/workstation-em-torre-precision-3680/spd/precision-t3680-workstation,0.0
2025-12-11 08:38,KaBuM Infotech Aquário - 5500 + 32GB + RTX 3050,KaBuM,https://www.kabum.com.br/produto/630994/computador-pc-gamer-aquario-preto-infotech-ryzen-5-5500-32gb-ram-nvidia-rtx-3050-6gb-ssd-1tb-windows-11-pro,4939.05
2025-12-11 08:38,Dell Precision 3680 (base 32GB),Dell,https://www.dell.com/pt-br/shop/computadores-all-in-ones-e-workstations/workstation-em-torre-precision-3680/spd/precision-t3680-workstation,0.0
2025-12-12 08:39,KaBuM Infotech Aquário - 5500 + 32GB + RTX 3050,KaBuM,https://www.kabum.com.br/produto/630994/computador-pc-gamer-aquario-preto-infotech-ryzen-5-5500-32gb-ram-nvidia-rtx-3050-6gb-ssd-1tb-windows-11-pro,5199.0
2025-12-12 08:39,Dell Precision 3680 (base 32GB),Dell,https://www.dell.com/pt-br/shop/computadores-all-in-ones-e-workstations/workstation-em-torre-precision-3680/spd/precision-t3680-workstation,0.0
2025-12-13 08:35,KaBuM Infotech Aquário - 5500 + 32GB + RTX 3050,KaBuM,https://www.kabum.com.br/produto/630994/computador-pc-gamer-aquario-preto-infotech-ryzen-5-5500-32gb-ram-nvidia-rtx-3050-6gb-ssd-1tb-windows-11-pro,5199.0
2025-12-13 08:35,Dell Precision 3680 (base 32GB),Dell,https://www.dell.com/pt-br/shop/computadores-all-in-ones-e-workstations/workstation-em-torre-precision-3680/spd/precision-t3680-workstation,0.0
2025-12-14 08:36,KaBuM Infotech Aquário - 5500 + 32GB + RTX 3050,KaBuM,https://www.kabum.com.br/produto/630994/computador-pc-gamer-aquario-preto-infotech-ryzen-5-5500-32gb-ram-nvidia-rtx-3050-6gb-ssd-1tb-windows-11-pro,5199.0
2025-12-14 08:36,Dell Precision 3680 (base 32GB),Dell,https://www.dell.com/pt-br/shop/computadores-all-in-ones-e-workstations/workstation-em-torre-precision-3680/spd/precision-t3680-workstation,0.0
2025-12-15 08:39,KaBuM Infotech Aquário - 5500 + 32GB + RTX 3050,KaBuM,https://www.kabum.com.br/produto/630994/computador-pc-gamer-aquario-preto-infotech-ryzen-5-5500-32gb-ram-nvidia-rtx-3050-6gb-ssd-1tb-windows-11-pro,5199.0
2025-12-15 08:39,Dell Precision 3680 (base 32GB),Dell,https://www.dell.com/pt-br/shop/computadores-all-in-ones-e-workstations/workstation-em-torre-precision-3680/spd/precision-t3680-workstation,0.0
2025-12-16 08:39,KaBuM Infotech Aquário - 5500 + 32GB + RTX 3050,KaBuM,https://www.kabum.com.br/produto/630994/computador-pc-gamer-aquario-preto-infotech-ryzen-5-5500-32gb-ram-nvidia-rtx-3050-6gb-ssd-1tb-windows-11-pro,5199.0
2025-12-16 08:39,Dell Precision 3680 (base 32GB),Dell,https://www.dell.com/pt-br/shop/computadores-all-in-ones-e-workstations/workstation-em-torre-precision-3680/spd/precision-t3680-workstation,0.0
2025-12-17 08:39,KaBuM Infotech Aquário - 5500 + 32GB + RTX 3050,KaBuM,https://www.kabum.com.br/produto/630994/computador-pc-gamer-aquario-preto-infotech-ryzen-5-5500-32gb-ram-nvidia-rtx-3050-6gb-ssd-1tb-windows-11-pro,5199.0
2025-12-17 08:39,Dell Precision 3680 (base 32GB),Dell,https://www.dell.com/pt-br/shop/computadores-all-in-ones-e-workstations/workstation-em-torre-precision-3680/spd/precision-t3680-workstation,0.0
2025-12-18 08:38,KaBuM Infotech Aquário - 5500 + 32GB + RTX 3050,KaBuM,https://www.kabum.com.br/produto/630994/computador-pc-gamer-aquario-preto-infotech-ryzen-5-5500-32gb-ram-nvidia-rtx-3050-6gb-ssd-1tb-windows-11-pro,5199.0
2025-12-18 08:38,Dell Precision 3680 (base 32GB),Dell,https://www.dell.com/pt-br/shop/computadores-all-in-ones-e-workstations/workstation-em-torre-precision-3680/spd/precision-t3680-workstation,0.0
2025-12-19 08:37,KaBuM Infotech Aquário - 5500 + 32GB + RTX 3050,KaBuM,https://www.kabum.com.br/produto/630994/computador-pc-gamer-aquario-preto-infotech-ryzen-5-5500-32gb-ram-nvidia-rtx-3050-6gb-ssd-1tb-windows-11-pro,5199.0
2025-12-19 08:37,Dell Precision 3680 (base 32GB),Dell,https://www.dell.com/pt-br/shop/computadores-all-in-ones-e-workstations/workstation-em-torre-precision-3680/spd/precision-t3680-workstation,0.0
2025-12-20 08:36,KaBuM Infotech Aquário - 5500 + 32GB + RTX 3050,KaBuM,https://www.kabum.com.br/produto/630994/computador-pc-gamer-aquario-preto-infotech-ryzen-5-5500-32gb-ram-nvidia-rtx-3050-6gb-ssd-1tb-windows-11-pro,
2025-12-20 08:36,Dell Precision 3680 (base 32GB),Dell,https://www.dell.com/pt-br/shop/computadores-all-in-ones-e-workstations/workstation-em-torre-precision-3680/spd/precision-t3680-workstation,0.0
2025-12-21 08:36,KaBuM Infotech Aquário - 5500 + 32GB + RTX 3050,KaBuM,https://www.kabum.com.br/produto/630994/computador-pc-gamer-aquario-preto-infotech-ryzen-5-5500-32gb-ram-nvidia-rtx-3050-6gb-ssd-1tb-windows-11-pro,
2025-12-21 08:36,Dell Precision 3680 (base 32GB),Dell,https://www.dell.com/pt-br/shop/computadores-all-in-ones-e-workstations/workstation-em-torre-precision-3680/spd/precision-t3680-workstation,0.0
2025-12-22 08:37,KaBuM Infotech Aquário - 5500 + 32GB + RTX 3050,KaBuM,https://www.kabum.com.br/produto/630994/computador-pc-gamer-aquario-preto-infotech-ryzen-5-5500-32gb-ram-nvidia-rtx-3050-6gb-ssd-1tb-windows-11-pro,
2025-12-22 08:37,Dell Precision 3680 (base 32GB),Dell,https://www.dell.com/pt-br/shop/computadores-all-in-ones-e-workstations/workstation-em-torre-precision-3680/spd/precision-t3680-workstation,0.0
2025-12-23 08:38,KaBuM Infotech Aquário - 5500 + 32GB + RTX 3050,KaBuM,https://www.kabum.com.br/produto/630994/computador-pc-gamer-aquario-preto-infotech-ryzen-5-5500-32gb-ram-nvidia-rtx-3050-6gb-ssd-1tb-windows-11-pro,5984.05
2025-12-23 08:38,Dell Precision 3680 (base 32GB),Dell,https://www.dell.com/pt-br/shop/computadores-all-in-ones-e-workstations/workstation-em-torre-precision-3680/spd/precision-t3680-workstation,0.0
2025-12-24 08:38,KaBuM Infotech Aquário - 5500 + 32GB + RTX 3050,KaBuM,https://www.kabum.com.br/produto/630994/computador-pc-gamer-aquario-preto-infotech-ryzen-5-5500-32gb-ram-nvidia-rtx-3050-6gb-ssd-1tb-windows-11-pro,5984.05
2025-12-24 08:38,Dell Precision 3680 (base 32GB),Dell,https://www.dell.com/pt-br/shop/computadores-all-in-ones-e-workstations/workstation-em-torre-precision-3680/spd/precision-t3680-workstation,0.0
2025-12-25 08:37,KaBuM Infotech Aquário - 5500 + 32GB + RTX 3050,KaBuM,https://www.kabum.com.br/produto/630994/computador-pc-gamer-aquario-preto-infotech-ryzen-5-5500-32gb-ram-nvidia-rtx-3050-6gb-ssd-1tb-windows-11-pro,5984.05
2025-12-25 08:37,Dell Precision 3680 (base 32GB),Dell,https://www.dell.com/pt-br/shop/computadores-all-in-ones-e-workstations/workstation-em-torre-precision-3680/spd/precision-t3680-workstation,0.0
2025-12-26 08:38,KaBuM Infotech Aquário - 5500 + 32GB + RTX 3050,KaBuM,https://www.kabum.com.br/produto/630994/computador-pc-gamer-aquario-preto-infotech-ryzen-5-5500-32gb-ram-nvidia-rtx-3050-6gb-ssd-1tb-windows-11-pro,5699.05
2025-12-26 08:38,Dell Precision 3680 (base 32GB),Dell,https://www.dell.com/pt-br/shop/computadores-all-in-ones-e-workstations/workstation-em-torre-precision-3680/spd/precision-t3680-workstation,0.0
2025-12-27 08:36,KaBuM Infotech Aquário - 5500 + 32GB + RTX 3050,KaBuM,https://www.kabum.com.br/produto/630994/computador-pc-gamer-aquario-preto-infotech-ryzen-5-5500-32gb-ram-nvidia-rtx-3050-6gb-ssd-1tb-windows-11-pro,5699.05
2025-12-27 08:36,Dell Precision 3680 (base 32GB),Dell,https://www.dell.com/pt-br/shop/computadores-all-in-ones-e-workstations/workstation-em-torre-precision-3680/spd/precision-t3680-workstation,0.0
2025-12-28 08:37,KaBuM Infotech Aquário - 5500 + 32GB + RTX 3050,KaBuM,https://www.kabum.com.br/produto/630994/computador-pc-gamer-aquario-preto-infotech-ryzen-5-5500-32gb-ram-nvidia-rtx-3050-6gb-ssd-1tb-windows-11-pro,5699.05
2025-12-28 08:37,Dell Precision 3680 (base 32GB),Dell,https://www.dell.com/pt-br/shop/computadores-all-in-ones-e-workstations/workstation-em-torre-precision-3680/spd/precision-t3680-workstation,0.0
2025-12-29 08:39,KaBuM Infotech Aquário - 5500 + 32GB + RTX 3050,KaBuM,https://www.kabum.com.br/produto/630994/computador-pc-gamer-aquario-preto-infotech-ryzen-5-5500-32gb-ram-nvidia-rtx-3050-6gb-ssd-1tb-windows-11-pro,5699.05
2025-12-29 08:39,Dell Precision 3680 (base 32GB),Dell,https://www.dell.com/pt-br/shop/computadores-all-in-ones-e-workstations/workstation-em-torre-precision-3680/spd/precision-t3680-workstation,0.0
2025-12-30 08:38,KaBuM Infotech Aquário - 5500 + 32GB + RTX 3050,KaBuM,https://www.kabum.com.br/produto/630994/computador-pc-gamer-aquario-preto-infotech-ryzen-5-5500-32gb-ram-nvidia-rtx-3050-6gb-ssd-1tb-windows-11-pro,5699.05
2025-12-30 08:38,Dell Precision 3680 (base 32GB),Dell,https://www.dell.com/pt-br/shop/computadores-all-in-ones-e-workstations/workstation-em-torre-precision-3680/spd/precision-t3680-workstation,0.0
2025-12-31 08:38,KaBuM Infotech Aquário - 5500 + 32GB + RTX 3050,KaBuM,https://www.kabum.com.br/produto/630994/computador-pc-gamer-aquario-preto-infotech-ryzen-5-5500-32gb-ram-nvidia-rtx-3050-6gb-ssd-1tb-windows-11-pro,5699.05
2025-12-31 08:38,Dell Precision 3680 (base 32GB),Dell,https://www.dell.com/pt-br/shop/computadores-all-in-ones-e-workstations/workstation-em-torre-precision-3680/spd/precision-t3680-workstation,0.0
2026-01-01 08:38,KaBuM Infotech Aquário - 5500 + 32GB + RTX 3050,KaBuM,https://www.kabum.com.br/produto/630994/computador-pc-gamer-aquario-preto-infotech-ryzen-5-5500-32gb-ram-nvidia-rtx-3050-6gb-ssd-1tb-windows-11-pro,5699.05
2026-01-01 08:38,Dell Precision 3680 (base 32GB),Dell,https://www.dell.com/pt-br/shop/computadores-all-in-ones-e-workstations/workstation-em-torre-precision-3680/spd/precision-t3680-workstation,0.0
2026-01-02 08:37,KaBuM Infotech Aquário - 5500 + 32GB + RTX 3050,KaBuM,https://www.kabum.com.br/produto/630994/computador-pc-gamer-aquario-preto-infotech-ryzen-5-5500-32gb-ram-nvidia-rtx-3050-6gb-ssd-1tb-windows-11-pro,5699.05
2026-01-02 08:37,Dell Precision 3680 (base 32GB),Dell,https://www.dell.com/pt-br/shop/computadores-all-in-ones-e-workstations/workstation-em-torre-precision-3680/spd/precision-t3680-workstation,0.0
2026-01-03 08:36,KaBuM Infotech Aquário - 5500 + 32GB + RTX 3050,KaBuM,https://www.kabum.com.br/produto/630994/computador-pc-gamer-aquario-preto-infotech-ryzen-5-5500-32gb-ram-nvidia-rtx-3050-6gb-ssd-1tb-windows-11-pro,5699.05
2026-01-03 08:36,Dell Precision 3680 (base 32GB),Dell,https://www.dell.com/pt-br/shop/computadores-all-in-ones-e-workstations/workstation-em-torre-precision-3680/spd/precision-t3680-workstation,0.0
2026-01-04 08:36,KaBuM Infotech Aquário - 5500 + 32GB + RTX 3050,KaBuM,https://www.kabum.com.br/produto/630994/computador-pc-gamer-aquario-preto-infotech-ryzen-5-5500-32gb-ram-nvidia-rtx-3050-6gb-ssd-1tb-windows-11-pro,5699.05
2026-01-04 08:36,Dell Precision 3680 (base 32GB),Dell,https://www.dell.com/pt-br/shop/computadores-all-in-ones-e-workstations/workstation-em-torre-precision-3680/spd/precision-t3680-workstation,0.0
2026-01-05 08:40,KaBuM Infotech Aquário - 5500 + 32GB + RTX 3050,KaBuM,https://www.kabum.com.br/produto/630994/computador-pc-gamer-aquario-preto-infotech-ryzen-5-5500-32gb-ram-nvidia-rtx-3050-6gb-ssd-1tb-windows-11-pro,5699.05
2026-01-05 08:40,Dell Precision 3680 (base 32GB),Dell,https://www.dell.com/pt-br/shop/computadores-all-in-ones-e-workstations/workstation-em-torre-precision-3680/spd/precision-t3680-workstation,0.0
2026-01-06 08:38,KaBuM Infotech Aquário - 5500 + 32GB + RTX 3050,KaBuM,https://www.kabum.com.br/produto/630994/computador-pc-gamer-aquario-preto-infotech-ryzen-5-5500-32gb-ram-nvidia-rtx-3050-6gb-ssd-1tb-windows-11-pro,5699.05
2026-01-06 08:38,Dell Precision 3680 (base 32GB),Dell,https://www.dell.com/pt-br/shop/computadores-all-in-ones-e-workstations/workstation-em-torre-precision-3680/spd/precision-t3680-workstation,0.0
2026-01-07 08:40,KaBuM Infotech Aquário - 5500 + 32GB + RTX 3050,KaBuM,https://www.kabum.com.br/produto/630994/computador-pc-gamer-aquario-preto-infotech-ryzen-5-5500-32gb-ram-nvidia-rtx-3050-6gb-ssd-1tb-windows-11-pro,5699.05
2026-01-07 08:40,Dell Precision 3680 (base 32GB),Dell,https://www.dell.com/pt-br/shop/computadores-all-in-ones-e-workstations/workstation-em-torre-precision-3680/spd/precision-t3680-workstation,0.0
2026-01-08 08:40,KaBuM Infotech Aquário - 5500 + 32GB + RTX 3050,KaBuM,https://www.kabum.com.br/produto/630994/computador-pc-gamer-aquario-preto-infotech-ryzen-5-5500-32gb-ram-nvidia-rtx-3050-6gb-ssd-1tb-windows-11-pro,5699.05
2026-01-08 08:40,Dell Precision 3680 (base 32GB),Dell,https://www.dell.com/pt-br/shop/computadores-all-in-ones-e-workstations/workstation-em-torre-precision-3680/spd/precision-t3680-workstation,0.0
2026-01-09 08:39,KaBuM Infotech Aquário - 5500 + 32GB + RTX 3050,KaBuM,https://www.kabum.com.br/produto/630994/computador-pc-gamer-aquario-preto-infotech-ryzen-5-5500-32gb-ram-nvidia-rtx-3050-6gb-ssd-1tb-windows-11-pro,5748.99
2026-01-09 08:39,Dell Precision 3680 (base 32GB),Dell,https://www.dell.com/pt-br/shop/computadores-all-in-ones-e-workstations/workstation-em-torre-precision-3680/spd/precision-t3680-workstation,0.0
2026-01-10 08:37,KaBuM Infotech Aquário - 5500 + 32GB + RTX 3050,KaBuM,https://www.kabum.com.br/produto/630994/computador-pc-gamer-aquario-preto-infotech-ryzen-5-5500-32gb-ram-nvidia-rtx-3050-6gb-ssd-1tb-windows-11-pro,5748.99
2026-01-10 08:37,Dell Precision 3680 (base 32GB),Dell,https://www.dell.com/pt-br/shop/computadores-all-in-ones-e-workstations/workstation-em-torre-precision-3680/spd/precision-t3680-workstation,0.0
2026-01-11 08:37,KaBuM Infotech Aquário - 5500 + 32GB + RTX 3050,KaBuM,https://www.kabum.com.br/produto/630994/computador-pc-gamer-aquario-preto-infotech-ryzen-5-5500-32gb-ram-nvidia-rtx-3050-6gb-ssd-1tb-windows-11-pro,5748.99
2026-01-11 08:37,Dell Precision 3680 (base 32GB),Dell,https://www.dell.com/pt-br/shop/computadores-all-in-ones-e-workstations/workstation-em-torre-precision-3680/spd/precision-t3680-workstation,0.0
2026-01-12 08:40,KaBuM Infotech Aquário - 5500 + 32GB + RTX 3050,KaBuM,https://www.kabum.com.br/produto/630994/computador-pc-gamer-aquario-preto-infotech-ryzen-5-5500-32gb-ram-nvidia-rtx-3050-6gb-ssd-1tb-windows-11-pro,5748.99
2026-01-12 08:40,Dell Precision 3680 (base 32GB),Dell,https://www.dell.com/pt-br/shop/computadores-all-in-ones-e-workstations/workstation-em-torre-precision-3680/spd/precision-t3680-workstation,0.0
2026-01-13 08:40,KaBuM Infotech Aquário - 5500 + 32GB + RTX 3050,KaBuM,https://www.kabum.com.br/produto/630994/computador-pc-gamer-aquario-preto-infotech-ryzen-5-5500-32gb-ram-nvidia-rtx-3050-6gb-ssd-1tb-windows-11-pro,5748.99
2026-01-13 08:40,Dell Precision 3680 (base 32GB),Dell,https://www.dell.com/pt-br/shop/computadores-all-in-ones-e-workstations/workstation-em-torre-precision-3680/spd/precision-t3680-workstation,0.0
2026-01-14 08:42,KaBuM Infotech Aquário - 5500 + 32GB + RTX 3050,KaBuM,https://www.kabum.com.br/produto/630994/computador-pc-gamer-aquario-preto-infotech-ryzen-5-5500-32gb-ram-nvidia-rtx-3050-6gb-ssd-1tb-windows-11-pro,5748.99
2026-01-14 08:42,Dell Precision 3680 (base 32GB),Dell,https://www.dell.com/pt-br/shop/computadores-all-in-ones-e-workstations/workstation-em-torre-precision-3680/spd/precision-t3680-workstation,0.0
2026-01-15 08:40,KaBuM Infotech Aquário - 5500 + 32GB + RTX 3050,KaBuM,https://www.kabum.com.br/produto/630994/computador-pc-gamer-aquario-preto-infotech-ryzen-5-5500-32gb-ram-nvidia-rtx-3050-6gb-ssd-1tb-windows-11-pro,5748.99
2026-01-15 08:40,Dell Precision 3680 (base 32GB),Dell,https://www.dell.com/pt-br/shop/computadores-all-in-ones-e-workstations/workstation-em-torre-precision-3680/spd/precision-t3680-workstation,0.0
2026-01-16 08:40,KaBuM Infotech Aquário - 5500 + 32GB + RTX 3050,KaBuM,https://www.kabum.com.br/produto/630994/computador-pc-gamer-aquario-preto-infotech-ryzen-5-5500-32gb-ram-nvidia-rtx-3050-6gb-ssd-1tb-windows-11-pro,5748.99
2026-01-16 08:40,Dell Precision 3680 (base 32GB),Dell,https://www.dell.com/pt-br/shop/computadores-all-in-ones-e-workstations/workstation-em-torre-precision-3680/spd/precision-t3680-workstation,0.0
2026-01-17 08:36,KaBuM Infotech Aquário - 5500 + 32GB + RTX 3050,KaBuM,https://www.kabum.com.br/produto/630994/computador-pc-gamer-aquario-preto-infotech-ryzen-5-5500-32gb-ram-nvidia-rtx-3050-6gb-ssd-1tb-windows-11-pro,5748.99
2026-01-17 08:36,Dell Precision 3680 (base 32GB),Dell,https://www.dell.com/pt-br/shop/computadores-all-in-ones-e-workstations/workstation-em-torre-precision-3680/spd/precision-t3680-workstation,0.0
2026-01-18 08:36,KaBuM Infotech Aquário - 5500 + 32GB + RTX 3050,KaBuM,https://www.kabum.com.br/produto/630994/computador-pc-gamer-aquario-preto-infotech-ryzen-5-5500-32gb-ram-nvidia-rtx-3050-6gb-ssd-1tb-windows-11-pro,5748.99
2026-01-18 08:36,Dell Precision 3680 (base 32GB),Dell,https://www.dell.com/pt-br/shop/computadores-all-in-ones-e-workstations/workstation-em-torre-precision-3680/spd/precision-t3680-workstation,0.0
2026-01-19 08:42,KaBuM Infotech Aquário - 5500 + 32GB + RTX 3050,KaBuM,https://www.kabum.com.br/produto/630994/computador-pc-gamer-aquario-preto-infotech-ryzen-5-5500-32gb-ram-nvidia-rtx-3050-6gb-ssd-1tb-windows-11-pro,5748.99
2026-01-19 08:42,Dell Precision 3680 (base 32GB),Dell,https://www.dell.com/pt-br/shop/computadores-all-in-ones-e-workstations/workstation-em-torre-precision-3680/spd/precision-t3680-workstation,0.0
2026-01-20 08:43,KaBuM Infotech Aquário - 5500 + 32GB + RTX 3050,KaBuM,https://www.kabum.com.br/produto/630994/computador-pc-gamer-aquario-preto-infotech-ryzen-5-5500-32gb-ram-nvidia-rtx-3050-6gb-ssd-1tb-windows-11-pro,5748.99
2026-01-20 08:43,Dell Precision 3680 (base 32GB),Dell,https://www.dell.com/pt-br/shop/computadores-all-in-ones-e-workstations/workstation-em-torre-precision-3680/spd/precision-t3680-workstation,0.0
2026-01-21 08:44,KaBuM Infotech Aquário - 5500 + 32GB + RTX 3050,KaBuM,https://www.kabum.com.br/produto/630994/computador-pc-gamer-aquario-preto-infotech-ryzen-5-5500-32gb-ram-nvidia-rtx-3050-6gb-ssd-1tb-windows-11-pro,5748.99
2026-01-21 08:44,Dell Precision 3680 (base 32GB),Dell,https://www.dell.com/pt-br/shop/computadores-all-in-ones-e-workstations/workstation-em-torre-precision-3680/spd/precision-t3680-workstation,0.0
2026-01-22 08:43,KaBuM Infotech Aquário - 5500 + 32GB + RTX 3050,KaBuM,https://www.kabum.com.br/produto/630994/computador-pc-gamer-aquario-preto-infotech-ryzen-5-5500-32gb-ram-nvidia-rtx-3050-6gb-ssd-1tb-windows-11-pro,5748.99
2026-01-22 08:43,Dell Precision 3680 (base 32GB),Dell,https://www.dell.com/pt-br/shop/computadores-all-in-ones-e-workstations/workstation-em-torre-precision-3680/spd/precision-t3680-workstation,0.0
2026-01-23 08:41,KaBuM Infotech Aquário - 5500 + 32GB + RTX 3050,KaBuM,https://www.kabum.com.br/produto/630994/computador-pc-gamer-aquario-preto-infotech-ryzen-5-5500-32gb-ram-nvidia-rtx-3050-6gb-ssd-1tb-windows-11-pro,5748.99
2026-01-23 08:41,Dell Precision 3680 (base 32GB),Dell,https://www.dell.com/pt-br/shop/computadores-all-in-ones-e-workstations/workstation-em-torre-precision-3680/spd/precision-t3680-workstation,0.0
2026-01-24 08:37,KaBuM Infotech Aquário - 5500 + 32GB + RTX 3050,KaBuM,https://www.kabum.com.br/produto/630994/computador-pc-gamer-aquario-preto-infotech-ryzen-5-5500-32gb-ram-nvidia-rtx-3050-6gb-ssd-1tb-windows-11-pro,5748.99
2026-01-24 08:37,Dell Precision 3680 (base 32GB),Dell,https://www.dell.com/pt-br/shop/computadores-all-in-ones-e-workstations/workstation-em-torre-precision-3680/spd/precision-t3680-workstation,0.0
2026-01-25 08:37,KaBuM Infotech Aquário - 5500 + 32GB + RTX 3050,KaBuM,https://www.kabum.com.br/produto/630994/computador-pc-gamer-aquario-preto-infotech-ryzen-5-5500-32gb-ram-nvidia-rtx-3050-6gb-ssd-1tb-windows-11-pro,5748.99
2026-01-25 08:37,Dell Precision 3680 (base 32GB),Dell,https://www.dell.com/pt-br/shop/computadores-all-in-ones-e-workstations/workstation-em-torre-precision-3680/spd/precision-t3680-workstation,0.0
2026-01-26 08:41,KaBuM Infotech Aquário - 5500 + 32GB + RTX 3050,KaBuM,https://www.kabum.com.br/produto/630994/computador-pc-gamer-aquario-preto-infotech-ryzen-5-5500-32gb-ram-nvidia-rtx-3050-6gb-ssd-1tb-windows-11-pro,5748.99
2026-01-26 08:41,Dell Precision 3680 (base 32GB),Dell,https://www.dell.com/pt-br/shop/computadores-all-in-ones-e-workstations/workstation-em-torre-precision-3680/spd/precision-t3680-workstation,0.0
2026-01-27 08:43,KaBuM Infotech Aquário - 5500 + 32GB + RTX 3050,KaBuM,https://www.kabum.com.br/produto/630994/computador-pc-gamer-aquario-preto-infotech-ryzen-5-5500-32gb-ram-nvidia-rtx-3050-6gb-ssd-1tb-windows-11-pro,5748.99
2026-01-27 08:43,Dell Precision 3680 (base 32GB),Dell,https://www.dell.com/pt-br/shop/computadores-all-in-ones-e-workstations/workstation-em-torre-precision-3680/spd/precision-t3680-workstation,0.0
2026-01-28 08:43,KaBuM Infotech Aquário - 5500 + 32GB + RTX 3050,KaBuM,https://www.kabum.com.br/produto/630994/computador-pc-gamer-aquario-preto-infotech-ryzen-5-5500-32gb-ram-nvidia-rtx-3050-6gb-ssd-1tb-windows-11-pro,5748.99
2026-01-28 08:43,Dell Precision 3680 (base 32GB),Dell,https://www.dell.com/pt-br/shop/computadores-all-in-ones-e-workstations/workstation-em-torre-precision-3680/spd/precision-t3680-workstation,0.0
